Technology Name,Category,Release Year,Current Version,Use Cases,Pros,Cons,Developer/Creator,License,Popular Companies/Users,Learning Resources,Community Support,Job Opportunities,Future Trends
Python,Programming Language,1991,3.10.0,"Web Development, Data Science, Automation","Easy to learn, large community",Slower execution time,Guido van Rossum,Open-source,"Google, NASA, Instagram","Official Docs: https://www.python.org, Coursera Python Course: https://www.coursera.org","High, very active community","Data Scientist, Developer","Growing demand in AI, Automation"
Java,Programming Language,1995,17,"Web Development, Enterprise Applications, Mobile Development","Platform independent, object-oriented","Verbose syntax, slower execution",James Gosling,Open-source,"LinkedIn, Uber, Airbnb",Official Docs: https://docs.oracle.com/javase/,"High, large community","Software Engineer, Backend Developer",Stable demand in enterprise applications
JavaScript,Programming Language,1995,ES6,"Web Development, Server-Side Scripting","Event-driven, async programming",Browser-specific quirks,Brendan Eich,Open-source,"Facebook, Netflix, eBay",Official Docs: https://developer.mozilla.org/en-US/docs/Web/JavaScript,"Very high, global community","Frontend Developer, Full-stack Developer",High demand in web development
C++,Programming Language,1985,C++20,"Game Development, Systems Programming","Efficient, performance-oriented","Complex syntax, memory management",Bjarne Stroustrup,Open-source,"Microsoft, Google, Adobe",Official Docs: https://en.cppreference.com,"High, active community","Game Developer, Systems Engineer",Growing demand in gaming and performance-sensitive applications
C#,Programming Language,2000,9.0,"Web Development, Enterprise Software","Object-oriented, .NET ecosystem","Windows-centric, slower execution",Microsoft,Proprietary,"Microsoft, Stack Overflow",Official Docs: https://learn.microsoft.com/en-us/dotnet/csharp/,"High, strong .NET community","Backend Developer, Software Engineer",Stable demand in enterprise software
Ruby,Programming Language,1995,3.0,"Web Development, Scripting","Elegant, readable syntax",Slower execution time,Yukihiro Matsumoto,Open-source,"GitHub, Shopify",Official Docs: https://www.ruby-lang.org/en/documentation/,"Medium, growing community","Full-stack Developer, Web Developer",Increasing demand in startups and small businesses
PHP,Programming Language,1995,8.0,"Web Development, Server-Side Scripting",Widely used in web development,"Security issues, inconsistent syntax",Rasmus Lerdorf,Open-source,"Facebook, WordPress, Wikipedia",Official Docs: https://www.php.net/,"Large, active community","Web Developer, Backend Developer",Stable demand in web hosting
Swift,Programming Language,2014,5.5,"iOS Development, Mobile Apps","Fast, modern syntax, safe memory management","Apple-centric, limited cross-platform support",Apple,Open-source,"Apple, Lyft, Uber",Official Docs: https://developer.apple.com/swift/,"High, active community","iOS Developer, Mobile App Developer",Increasing demand in mobile app development
Go,Programming Language,2009,1.17,"Web Development, Cloud Services","Concurrent programming, fast execution","Limited libraries, slow for some tasks",Google,Open-source,"Uber, Dropbox, Netflix",Official Docs: https://golang.org/doc/,"High, growing community","Backend Developer, Cloud Engineer",Growing demand in cloud-native applications
Rust,Programming Language,2010,1.58,"Systems Programming, Web Assembly",Memory safety without garbage collection,Steep learning curve,Mozilla,Open-source,"Mozilla, Dropbox, Facebook",Official Docs: https://www.rust-lang.org/,"High, rapidly growing community","Systems Engineer, Embedded Developer",Increasing demand in performance-critical applications
Kotlin,Programming Language,2011,1.5,"Android Development, JVM Applications","Concise syntax, null safety",Less mature ecosystem than Java,JetBrains,Open-source,"Google, Pinterest, Square",Official Docs: https://kotlinlang.org/,"High, growing community","Android Developer, Full-stack Developer",Increasing demand in mobile app development
TypeScript,Programming Language,2012,4.4,"Web Development, Frontend Development","Statically typed, modern syntax",Limited to JavaScript ecosystem,Microsoft,Open-source,"Google, Slack, Airbnb",Official Docs: https://www.typescriptlang.org/,"High, active community","Frontend Developer, Full-stack Developer",Growing demand in frontend development
Node.js,Runtime Environment,2009,16.x,"Server-Side Scripting, Web Development","Event-driven, non-blocking I/O","Single-threaded, callback hell",Ryan Dahl,Open-source,"Netflix, LinkedIn, Uber",Official Docs: https://nodejs.org/en/docs/,"Very high, global community","Backend Developer, Full-stack Developer",High demand in web development
React,Library,2013,17.x,"Web Development, User Interfaces","Component-based, declarative",Steep learning curve for beginners,Facebook,Open-source,"Facebook, Instagram, WhatsApp",Official Docs: https://reactjs.org/,"Very high, active community","Frontend Developer, Full-stack Developer",Continued dominance in frontend frameworks
Angular,Framework,2010,12.x,"Web Development, Frontend Framework","Two-way data binding, MVVM architecture","Verbose syntax, steep learning curve",Google,Open-source,"Google, Microsoft, Upwork",Official Docs: https://angular.io/,"High, large community","Frontend Developer, Full-stack Developer",Growing demand in enterprise applications
Vue.js,Framework,2014,3.x,"Web Development, Frontend Framework","Easy to integrate, flexible",Small ecosystem compared to React/Angular,Evan You,Open-source,"Alibaba, Xiaomi, Adobe",Official Docs: https://vuejs.org/,"High, growing community","Frontend Developer, Full-stack Developer",Increasing demand for simplicity and flexibility
Django,Framework,2005,3.2,"Web Development, Backend Development","Batteries-included, Python-based",Monolithic architecture,"Adrian Holovaty, Simon Willison",Open-source,"Instagram, Pinterest, Mozilla",Official Docs: https://www.djangoproject.com/,"High, very active community","Backend Developer, Python Developer",Stable demand in Python web development
Flask,Framework,2010,2.x,"Web Development, Backend Development","Micro-framework, flexible",Lack of built-in features,Armin Ronacher,Open-source,"Netflix, Reddit, Airbnb",Official Docs: https://flask.palletsprojects.com/,"High, growing community","Backend Developer, Python Developer",Growing demand in lightweight web apps
Spring Boot,Framework,2018,2.5,"Web Development, Java-based Applications",Simplifies Java application setup,Memory consumption can be high,Pivotal Software,Open-source,"Alibaba, Netflix, LinkedIn",Official Docs: https://spring.io/projects/spring-boot,"High, large community","Backend Developer, Java Developer",Continued growth in enterprise environments
Ruby on Rails,Framework,2005,6.1,"Web Development, Backend Development",Convention over configuration,Slower runtime compared to other languages,David Heinemeier Hansson,Open-source,"GitHub, Shopify, Basecamp",Official Docs: https://rubyonrails.org/,"High, active community","Web Developer, Ruby Developer",Stable demand in startups and web development
TensorFlow,Library,2015,2.x,"Machine Learning, AI","Wide range of ML capabilities, scalable","Complex syntax, steep learning curve",Google,Open-source,"Google, Intel, Airbnb",Official Docs: https://www.tensorflow.org/,"High, rapidly growing community","Machine Learning Engineer, AI Researcher",Massive demand in AI and ML applications
PyTorch,Library,2016,1.10,"Machine Learning, Deep Learning","Dynamic computation graph, easy debugging",Less optimized for production compared to TensorFlow,Facebook,Open-source,"Tesla, Facebook, Microsoft",Official Docs: https://pytorch.org/,"High, rapidly growing community","AI Researcher, Machine Learning Engineer",Growing demand in deep learning
Keras,Library,2015,2.7,"Machine Learning, Deep Learning","User-friendly, built on top of TensorFlow",Less flexibility compared to TensorFlow,François Chollet,Open-source,"Google, Uber, Netflix",Official Docs: https://keras.io/,"High, established community","Machine Learning Engineer, AI Researcher",Increasing demand in AI and ML
Scikit-learn,Library,2007,0.24,Machine Learning,"Easy to use, supports many algorithms",Not suitable for deep learning,David Cournapeau,Open-source,"Spotify, Dropbox, NASA",Official Docs: https://scikit-learn.org/,"High, stable community","Data Scientist, ML Engineer",Continued demand in data science and ML
OpenCV,Library,2000,4.5,Computer Vision,"Real-time image processing, extensive community",Can be difficult to integrate with other frameworks,Intel,Open-source,"Google, Intel, Amazon",Official Docs: https://opencv.org/,"High, active community","Computer Vision Engineer, Data Scientist",Growing demand in computer vision
Apache Hadoop,Framework,2006,3.x,Big Data Processing,"Scalable, fault-tolerant","Complex to set up, high resource consumption",Apache Software Foundation,Open-source,"Yahoo, Facebook, Spotify",Official Docs: https://hadoop.apache.org/,"High, large community","Big Data Engineer, Data Engineer",Stable demand in big data ecosystems
Spark,Framework,2014,3.x,Big Data Processing,"Fast in-memory processing, scalable",Can be difficult to configure,Apache Software Foundation,Open-source,"Netflix, Uber, eBay",Official Docs: https://spark.apache.org/,"High, large community","Data Engineer, Big Data Architect",Growing demand in big data analytics
Docker,Platform,2013,20.x,Containerization,"Portable, lightweight",Requires proper orchestration,Solomon Hykes,Open-source,"Spotify, PayPal, Uber",Official Docs: https://www.docker.com/,"Very high, active community","DevOps Engineer, Cloud Engineer",Massive demand in cloud-native applications
Kubernetes,Platform,2014,1.21,Container Orchestration,"Scalable, flexible",Complex to set up,Google,Open-source,"Google, Shopify, eBay",Official Docs: https://kubernetes.io/,"Very high, growing community","Cloud Engineer, DevOps Engineer",Explosive demand in containerized applications
Terraform,Tool,2014,1.0,Infrastructure as Code,"Declarative, easy to use",Limited to supported platforms,HashiCorp,Open-source,"Slack, GitHub, AWS",Official Docs: https://www.terraform.io/,"High, growing community","DevOps Engineer, Cloud Engineer",Massive growth in DevOps and cloud automation
Jenkins,Tool,2011,2.x,Continuous Integration/Continuous Deployment,"Extensible, automates tasks",Requires plugins for full functionality,Kohsuke Kawaguchi,Open-source,"Netflix, LinkedIn, Facebook",Official Docs: https://www.jenkins.io/,"High, large community","DevOps Engineer, CI/CD Engineer",Stable demand in CI/CD pipelines
Git,Version Control,2005,2.x,"Version Control, Collaboration","Fast, decentralized, widely adopted",Complex for beginners,Linus Torvalds,Open-source,"GitHub, Google, Microsoft",Official Docs: https://git-scm.com/,"Very high, massive community","Software Developer, Backend Developer",Continued growth in version control usage
GitHub,Platform,2008,N/A,"Code Hosting, Collaboration","Collaborative, easy to use",Can be slow with large repositories,"Chris Wanstrath, PJ Hyett, Tom Preston-Werner",Proprietary,"Microsoft, NASA, GitHub",Official Docs: https://docs.github.com/,"Very high, massive community","Software Developer, Open Source Contributor",Massive usage in open-source projects
GitLab,Platform,2011,14.x,"Code Hosting, CI/CD",Integrated CI/CD pipelines,Can be difficult to set up,"Dmitriy Zaporozhets, Valery Sizov",Proprietary,"NASA, Alibaba, Sony",Official Docs: https://docs.gitlab.com/,"High, growing community","DevOps Engineer, Software Developer",Increasing demand in integrated DevOps workflows
AWS,Cloud Platform,2006,N/A,"Cloud Computing, Hosting","Scalable, widely used",Can be expensive,Amazon,Proprietary,"Netflix, Airbnb, NASA",Official Docs: https://aws.amazon.com/,"Very high, massive community","Cloud Engineer, DevOps Engineer",Massive demand in cloud computing
Google Cloud Platform,Cloud Platform,2008,N/A,"Cloud Computing, Hosting","Highly reliable, machine learning integration",Less mature than AWS,Google,Proprietary,"Spotify, Snap, Twitter",Official Docs: https://cloud.google.com/,"Very high, growing community","Cloud Engineer, DevOps Engineer",Explosive growth in cloud services
Microsoft Azure,Cloud Platform,2010,N/A,"Cloud Computing, Hosting",Integration with Microsoft products,Can be confusing for beginners,Microsoft,Proprietary,"Adobe, LinkedIn, eBay",Official Docs: https://azure.microsoft.com/,"Very high, growing community","Cloud Engineer, DevOps Engineer",Continued dominance in enterprise environments
Firebase,Platform,2011,N/A,Backend as a Service,"Real-time database, easy to set up",Limited to Firebase ecosystem,Google,Proprietary,"The New York Times, Alibaba, Duolingo",Official Docs: https://firebase.google.com/,"High, growing community","Mobile Developer, Backend Developer",Explosive growth in mobile app development
Blockchain,Technology,2008,N/A,"Cryptocurrency, Decentralized Applications","Secure, decentralized",Energy-intensive,Satoshi Nakamoto,Open-source,"Bitcoin, Ethereum, Binance",Official Docs: https://www.blockchain.com/,"Very high, growing community","Blockchain Developer, Crypto Developer",Explosive demand in decentralized finance
Ethereum,Blockchain,2015,2.x,"Smart Contracts, Decentralized Finance","Smart contract capabilities, flexible",Gas fees can be high,Vitalik Buterin,Open-source,"Uniswap, MakerDAO, ConsenSys",Official Docs: https://ethereum.org/,"Very high, growing community","Blockchain Developer, DeFi Developer",Continued dominance in smart contract platforms
Solidity,Language,2014,0.8,Smart Contracts,High compatibility with Ethereum,Limited to Ethereum ecosystem,Vitalik Buterin,Open-source,"Uniswap, MakerDAO, Compound",Official Docs: https://soliditylang.org/,"High, growing community",Smart Contract Developer,Explosive demand in blockchain and DeFi
SQL,Database Language,1974,N/A,Database Management,"Structured, widely used",Not suitable for unstructured data,"Donald D. Chamberlin, Raymond F. Boyce","Open-source, Proprietary","Oracle, Microsoft, MySQL",Official Docs: https://www.sql.org/,"Very high, massive community","Database Administrator, Backend Developer",Continued demand in traditional database management
NoSQL,Database,1998,N/A,Database Management,"Scalable, flexible schema",Not suitable for relational data,Various,Open-source,"MongoDB, Couchbase, Cassandra",Official Docs: https://www.mongodb.com/,"High, growing community","Database Engineer, Backend Developer",Explosive demand in big data and cloud applications
GraphQL,Query Language,2012,15.0,API Querying,"Flexible, powerful, client-controlled queries",More complex to implement than REST,Facebook,Open-source,"GitHub, Shopify, Twitter",Official Docs: https://graphql.org/,"Very high, growing community","Frontend Developer, Backend Developer",Continued growth in modern API development
REST APIs,API Architecture,2000,N/A,Web Services,"Stateless, widely adopted",Limited by HTTP,Roy Fielding,Open-source,"Amazon, Facebook, Google",Official Docs: https://restfulapi.net/,"Very high, massive community","API Developer, Full-stack Developer",Continued dominance in web services
Microservices,Architecture,2012,N/A,"Web Development, Enterprise Systems","Decentralized, scalable",Complex to manage,Various,Open-source,"Netflix, Uber, Amazon",Official Docs: https://microservices.io/,"High, growing community","Software Architect, DevOps Engineer",Increasing adoption in enterprise applications
AR (Augmented Reality),Technology,1990,N/A,"Gaming, Education, Retail",Immersive experience,Requires specialized hardware,Various,"Proprietary, Open-source","Snapchat, Pokémon Go, IKEA",Official Docs: https://www.w3.org/TR/immersive-web/,"High, growing community","AR Developer, Game Developer",Increasing demand in entertainment and retail
VR (Virtual Reality),Technology,1960,N/A,"Gaming, Simulation, Healthcare","Immersive, interactive","Expensive hardware, motion sickness",Various,"Proprietary, Open-source","Oculus, HTC Vive, PlayStation",Official Docs: https://www.w3.org/TR/vr/,"High, growing community","VR Developer, Game Developer",Explosive demand in entertainment and healthcare
5G,Technology,2019,N/A,Telecommunication,"Faster speeds, low latency",Requires new infrastructure,Various,Proprietary,"Qualcomm, Ericsson, Huawei",Official Docs: https://www.5gamericas.org/,"Very high, growing community","Telecom Engineer, Network Engineer",Massive adoption in telecommunications
Machine Learning,Technology,1959,N/A,Artificial Intelligence,"Automates tasks, predictive",Requires large data sets,Various,"Open-source, Proprietary","Google, Facebook, Amazon",Official Docs: https://www.machinelearning.org/,"Very high, growing community","Data Scientist, ML Engineer",Continued growth in AI applications
